Joshua, Frankie, Albert, Eli
Theo, Kai, Thomas, Jenson
James, Finley, Blake, Benjamin
Alexander, Zachary, Caleb, Aaron

Alex, Charlie, Harley, Elijah
Liam, Elijah, Matthew, Samuel
Theo, Oscar, Eli, Connor
Ethan, Nathan, Alex, Liam

Carter, Hugo, Reggie, Ellis
Alexander, Elijah, Toby, David
Harley, Theo, Lucas, Samuel
Theo, Ezra, Louie, Hugo

Jude, Callum, Jake, Thomas
Tyler, Elijah, Harvey, Eli
Liam, Finley, Riley, Louis
Reggie, Ethan, Benjamin, Alfie

Eli, Matthew, Elijah, Joshua
Jaxon, Jaxon, Jackson, Arthur
Oliver, Dexter, Finley, Theo
Caleb, Gabriel, Harley, Alex

Callum, Roman, Dylan, William
Ezra, Leon, Harley, Arlo
Alfie, Tyler, Reuben, Edward
Jamie, Riley, Tommy, Finley

Bobby, Dexter, Alfie, Rory
Jaxon, Harry, Matthew, Jaxon
Freddie, Carter, Nathan, Jack
Jamie, Callum, Harvey, Freddie

Noah, Luke, Harvey, Harley
Arlo, Alex, Tommy, Arlo
Jake, Reuben, Jack, Edward
Tyler, Isaac, George, Jacob

Alexander, Dylan, Nathan, Aiden
Hunter, Ollie, Ronnie, Leo
Jaxon, Finn, Oliver, Connor
Alfie, Alexander, Ezra, Ryan

Bobby, Elliot, Albert, Zachary
Connor, Frankie, Harley, Jayden
Harvey, Riley, Adam, Leon
Charlie, Finlay, Leo, Elliot

Matthew, Edward, Albie, Callum
Teddy, Dylan, Finn, Jaxon
David, Aiden, Hunter, Tyler
Finley, Louis, Kai, Leo

Reggie, Reuben, Leon, Logan
David, Theo, Finn, George
Archie, Callum, Nathan, Luca
Albie, Frankie, Logan, Hunter

Jake, Theo, Harley, Adam
Finlay, Arlo, Henry, William
Theodore, Gabriel, Adam, Ronnie
Joseph, Isaac, Callum, George

Ben, Finlay, Michael, Ezra
Jayden, Alfie, Ezra, Connor
Frankie, Freddie, David, Toby
Reuben, Max, Luke, Alexander

Arlo, Harry, William, Ryan
Rory, Kai, Elliott, Michael
Nathan, Dylan, Carter, Leon
Jack, Lucas, Leo, Liam

